proudct_id,inventory
10001,9
10002,0
10003,-38
10004,45
10005,73
10006,1
10007,37
10008,14
10009,56
10010,186
10011,11
10012,5
10013,68
10014,7
10015,112
10016,0
10017,0
10018,0
10019,0
10020,0
10021,36
10022,0
10023,29
10024,26
10025,0
10026,0
10027,0
10028,0
10029,84
10030,0
10031,0
10032,0
10033,7
10034,0
10035,0
10036,31
10037,0
10038,60
10039,0
10040,240
10041,0
10042,12
10043,1
10044,0
10045,4
10046,298
10047,0
10048,108
10049,0
10050,20
10051,0
10052,87
10053,288
10054,0
10055,59
10056,52
10057,41
10058,0
10059,0
10060,119
10061,34
10062,-1
10063,0
10064,0
10065,68
10066,0
10067,0
10068,0
10069,12
10070,84
10071,72
10072,160
10073,97
10074,16
10075,20
10076,16
10077,12
10078,106
10079,138
10080,139
10081,192
10082,20
10083,24
10084,135
10085,0
10086,25
10087,12
10088,204
10089,83
10090,0
10091,9
10092,9
10093,314
10094,0
10095,30
10096,20
10097,0
10098,10
10099,0
10100,3
10101,8
10102,30
10103,0
10104,40
10105,24
10106,36
10107,239
10108,0
10109,76
10110,0
10111,0
10112,4
10113,141
10114,27
10115,5
10116,30
10117,14
10118,0
10119,0
10120,0
10121,0
10122,3
10123,42
10124,98
10125,0
10126,184
10127,0
10128,354
10129,20
10130,0
10131,12
10132,0
10133,0
10134,0
10135,0
10136,0
10137,0
10138,0
10139,12
10140,80
10141,0
10142,0
10143,0
10144,7
10145,1
10146,0
10147,25
10148,25
10149,191
10150,0
10151,0
10152,32
10153,0
10154,0
10155,0
10156,0
10157,537
10158,15
10159,0
10160,0
10161,1
10162,0
10163,0
10164,15
10165,0
10166,0
10167,0
10168,15
10169,0
10170,14
10171,50
10172,28
10173,0
10174,38
10175,26
10176,0
10177,2
10178,0
10179,5
10180,9
10181,35
10182,0
10183,1
10184,0
10185,46
10186,1
10187,1
10188,0
10189,9
10190,0
10191,13
10192,3
10193,8
10194,16
10195,0
10196,24
10197,36
10198,0
10199,38
10200,0
10201,11
10202,0
10203,0
10204,0
10205,0
10206,0
10207,12
10208,2
10209,5
10210,30
10211,30
10212,39
10213,27
10214,0
10215,0
10216,48
10217,0
10218,0
10219,21
10220,0
10221,23
10222,0
10223,0
10224,0
10225,146
10226,0
10227,20
10228,1
10229,114
10230,0
10231,27
10232,0
10233,0
10234,0
10235,0
10236,0
10237,37
10238,51
10239,26
10240,0
10241,25
10242,12
10243,315
10244,40
10245,0
10246,0
10247,8
10248,3
10249,72
10250,10
10251,15
10252,16
10253,38
10254,0
10255,6
10256,0
10257,0
10258,33
10259,0
10260,27
10261,72
10262,27
10263,0
10264,0
10265,0
10266,30
10267,0
10268,0
10269,50
10270,50
10271,0
10272,35
10273,0
10274,77
10275,0
10276,0
10277,0
10278,22
10279,0
10280,0
10281,1
10282,23
10283,0
10284,177
10285,0
10286,0
10287,66
10288,0
10289,16
10290,78
10291,0
10292,6
10293,44
10294,0
10295,253
10296,28
10297,0
10298,0
10299,32
10300,0
10301,104
10302,0
10303,0
10304,78
10305,23
10306,0
10307,24
10308,60
10309,0
10310,60
10311,0
10312,0
10313,0
10314,102
10315,60
10316,176
10317,0
10318,0
10319,0
10320,45
10321,0
10322,0
10323,0
10324,0
10325,0
10326,0
10327,18
10328,0
10329,0
10330,0
10331,75
10332,0
10333,0
10334,30
10335,0
10336,0
10337,0
10338,0
10339,0
10340,0
10341,69
10342,0
10343,0
10344,0
10345,0
10346,-38
10347,150
10348,350
10349,102
10350,71
10351,79
10352,14
10353,123
10354,36
10355,0
10356,0
10357,12
10358,0
10359,0
10360,106
10361,-1
10362,0
10363,34
10364,20
10365,24
10366,0
10367,71
10368,0
10369,0
10370,92
10371,1182
10372,60
10373,0
10374,0
10375,0
10376,79
10377,0
10378,1
10379,140
10380,0
10381,0
10382,0
10383,14
10384,0
10385,0
10386,0
10387,0
10388,42
10389,0
10390,0
10391,13
10392,102
10393,154
10394,3
10395,0
10396,0
10397,0
10398,0
10399,0
10400,0
10401,0
10402,0
10403,19
10404,38
10405,0
10406,0
10407,-1
10408,0
10409,0
10410,0
10411,0
10412,25
10413,39
10414,78
10415,0
10416,0
10417,86
10418,0
10419,0
10420,0
10421,5
10422,0
10423,15
10424,0
10425,0
10426,0
10427,0
10428,0
10429,0
10430,2
10431,2
10432,0
10433,0
10434,0
10435,0
10436,11
10437,0
10438,0
10439,0
10440,0
10441,0
10442,0
10443,0
10444,0
10445,0
10446,0
10447,0
10448,0
10449,0
10450,0
10451,0
10452,0
10453,0
10454,0
10455,0
10456,0
10457,0
10458,0
10459,0
10460,0
10461,0
10462,0
10463,0
10464,143
10465,35
10466,0
10467,0
10468,0
10469,0
10470,16
10471,30
10472,20
10473,32
10474,50
10475,26
10476,0
10477,9
10478,72
10479,7
10480,0
10481,0
10482,0
10483,1
10484,0
10485,0
10486,0
10487,0
10488,0
10489,0
10490,73
10491,0
10492,12
10493,18
10494,0
10495,4
10496,45
10497,9
10498,0
10499,0
10500,3
10501,112
10502,0
10503,0
10504,0
10505,0
10506,-4
10507,32
10508,0
10509,0
10510,0
10511,25
10512,0
10513,0
10514,8
10515,50
10516,1
10517,0
10518,24
10519,0
10520,0
10521,0
10522,0
10523,144
10524,49
10525,172
10526,78
10527,0
10528,1
10529,0
10530,0
10531,0
10532,69
10533,0
10534,0
10535,0
10536,68
10537,1
10538,1
10539,0
10540,26
10541,-3
10542,0
10543,0
10544,24
10545,24
10546,17
10547,0
10548,0
10549,5
10550,0
10551,0
10552,0
10553,0
10554,0
10555,0
10556,0
10557,0
10558,0
10559,0
10560,0
10561,4
10562,0
10563,1
10564,0
10565,6
10566,0
10567,60
10568,0
10569,8
10570,44
10571,0
10572,50
10573,78
10574,0
10575,0
10576,30
10577,60
10578,0
10579,29
10580,11
10581,31
10582,45
10583,3
10584,0
10585,0
10586,0
10587,0
10588,0
10589,0
10590,0
10591,0
10592,10
10593,0
10594,0
10595,0
10596,0
10597,0
10598,0
10599,0
10600,0
10601,0
10602,10
10603,0
10604,0
10605,0
10606,4
10607,8
10608,1
10609,0
10610,0
10611,0
10612,10
10613,41
10614,0
10615,1
10616,49
10617,17
10618,15
10619,0
10620,58
10621,100
10622,0
10623,13
10624,69
10625,41
10626,0
10627,0
10628,68
10629,61
10630,84
10631,102
10632,81
10633,30
10634,28
10635,0
10636,17
10637,0
10638,0
10639,52
10640,0
10641,2
10642,0
10643,0
10644,0
10645,0
10646,0
10647,0
10648,0
10649,26
10650,26
10651,0
10652,86
10653,0
10654,26
10655,37
10656,26
10657,0
10658,4
10659,0
10660,0
10661,1
10662,40
10663,24
10664,12
10665,0
10666,20
10667,0
10668,0
10669,1
10670,0
10671,0
10672,68
10673,0
10674,104
10675,-24
10676,0
10677,1
10678,39
10679,1
10680,19
10681,28
10682,98
10683,0
10684,20
10685,132
10686,260
10687,102
10688,72
10689,89
10690,5
10691,0
10692,66
10693,108
10694,93
10695,50
10696,20
10697,3
10698,0
10699,0
10700,0
10701,0
10702,77
10703,0
10704,49
10705,25
10706,95
10707,102
10708,0
10709,20
10710,34
10711,57
10712,23
10713,15
10714,0
10715,21
10716,0
10717,0
10718,0
10719,234
10720,0
10721,151
10722,316
10723,7
10724,0
10725,0
10726,0
10727,0
10728,0
10729,0
10730,0
10731,0
10732,0
10733,75
10734,446
10735,80
10736,71
10737,0
10738,0
10739,162
10740,31
10741,34
10742,24
10743,165
10744,0
10745,0
10746,19
10747,182
10748,175
10749,52
10750,52
10751,0
10752,14
10753,8
10754,0
10755,0
10756,24
10757,26
10758,0
10759,90
10760,17
10761,0
10762,33
10763,30
10764,15
10765,14
10766,157
10767,0
10768,149
10769,300
10770,192
10771,300
10772,292
10773,120
10774,455
10775,0
10776,240
10777,0
10778,0
10779,24
10780,0
10781,72
10782,0
10783,44
10784,48
10785,0
10786,46
50001,60
50002,60
50003,30
50004,81
50005,60
10792,25
10793,10
10794,14
10795,1
10796,21
10797,0
10798,-1
10799,1
10800,0
10801,117
10802,14
10803,221
10804,0
10805,45
10806,44
10807,0
10808,0
10809,20
10810,0
10811,19
10812,0
10813,0
10814,0
10815,0
10816,0
10817,0
10818,3
10819,0
10820,10
10821,5
10822,5
10823,2
10824,4
10825,24
10826,47
10827,8
10828,16
10829,2
10830,3
10831,0
10832,0
10833,51
10834,40
10835,5
10836,53
10837,0
10838,1
10839,24
10840,21
10841,79
10842,13
10843,1
10844,13
10845,1
10846,3
10847,5
10848,12
10849,24
10850,0
10851,2
10852,7
10853,0
10854,0
10855,5
10856,0
10857,0
10858,-9
10859,0
10860,0
10861,110
10862,179
10863,1
10864,0
10865,1
10866,112
10867,0
10868,0
10869,4
10870,0
10871,60
10872,0
10873,30
10874,40
10875,40
10876,35
10877,35
10878,57
10879,0
10880,18
10881,32
10882,85
10883,0
10884,78
10885,-6
10886,3
10887,48
10888,12
10889,0
10890,12
10891,23
10892,21
10893,15
10894,15
10895,0
10896,34
10897,19
10898,28
10899,11
10900,0
10901,0
10902,1
10903,2
10904,0
10905,0
10906,0
10907,12
10908,2
10909,0
10910,0
10911,2
10912,0
10913,0
10914,0
10915,0
10916,174
10917,54
10918,0
10919,0
10920,55
10921,12
10922,0
10923,0
10924,0
10925,0
10926,0
10927,0
10928,0
10929,0
10930,6
10931,0
10932,139
10933,0
10934,0
10935,0
10936,72
10937,0
10938,56
10939,139
10940,0
10941,1
10942,10
10943,0
10944,0
10945,37
10946,8
10947,4
10948,21
10949,22
10950,0
10951,0
10952,230
10953,181
10954,0
10955,169
10956,253
10957,127
10958,0
10959,0
10960,33
10961,0
10962,0
10963,0
10965,48
10966,179
10967,60
10968,88
10969,0
10970,0
10971,130
10972,372
10973,167
10974,52
10975,0
10976,0
10977,0
10978,0
10979,0
10980,0
10981,0
10982,0
10983,0
10984,0
10985,26
10986,123
10987,2
10988,189
10989,122
10990,15
10991,77
10992,17
10993,0
10994,-20
10995,0
10996,3
10997,0
10998,5
10999,0
11000,82
11001,0
11002,0
11003,12
11004,22
11005,43
11006,0
11007,3
11008,1
11009,25
11010,16
11011,30
11012,25
11013,4
11014,11
11015,0
11016,12
11017,95
11018,3
11019,112
11020,61
11021,52
11022,17
11023,18
11024,36
11025,9
11026,18
11027,9
11028,2
11029,24
11030,2
11031,0
11032,26
11033,46
11034,122
11035,182
11036,157
11037,106
11038,0
11039,0
11040,0
11041,0
11042,0
11043,0
11044,0
11045,0
11046,0
11047,0
11048,0
11049,23
11050,0
11051,23
11052,75
11053,21
11054,44
11055,22
11056,24
11057,44
11058,133
11059,0
11060,0
11061,35
11062,45
11063,27
11064,40
11065,33
11066,0
11067,6
11068,71
11069,12
11070,19
11071,14
11072,28
11073,24
11074,0
11075,0
11076,0
11077,512
11078,0
11079,10
11080,0
11081,34
11082,1
11083,0
11084,0
11085,0
11086,0
11087,0
11088,0
11089,8
11090,73
11091,0
11092,0
11093,6
11094,0
11095,22
11096,20
11097,46
11098,44
11099,10
11100,15
11101,2
11102,1
11103,0
11104,0
11105,0
11106,0
11107,0
11108,0
11109,0
11110,0
11111,86
11112,0
11113,35
11114,74
11115,21
11116,0
11117,17
11118,14
11119,4
11120,15
11121,9
11122,7
11123,35
11124,24
11125,21
11126,0
11127,25
11128,40
11129,40
11130,20
11131,26
11132,48
11133,45
11134,47
11135,23
11136,11
11137,24
11138,32
11139,38
11140,12
11141,12
11142,233
11143,21
11144,0
11145,30
11146,19
11147,0
11148,13
11149,13
11150,1
11151,0
11152,54
11153,62
11154,14
11155,3
11156,0
11157,0
11158,39
11159,60
11160,32
11162,20
11163,0
11164,0
11165,0
11166,0
11167,0
11168,0
11169,0
11170,0
11171,-1
11172,0
11173,34
11174,0
11175,0
11176,8
11177,5
11178,100
11179,16
11180,15
11181,0
11182,0
11183,0
11184,0
11185,11
11186,10
11187,7
11188,0
11189,2
11190,2
11191,4
50006,0
50007,6
50008,24
50009,42
50010,1
50011,10
11192,85
11193,124
11194,7
11195,2
11196,8
11197,8
11198,6
11199,26
11200,36
11201,7
11202,4
11203,2
11204,20
11205,69
11206,15
11207,65
11208,29
11209,32
11210,25
11211,75
11212,42
11213,0
11214,0
11215,7
11216,63
11217,5
11218,0
11219,47
11220,0
11221,-2
11222,10
11223,12
11224,101
11225,242
11226,97
11227,29
11228,44
11229,-20
11230,17
11231,10
11232,11
11233,-2
11234,288
11235,0
11236,0
11237,0
11238,23
11239,6
11240,10
11241,0
11242,0
11243,5
11244,0
11245,24
11246,0
11247,0
11248,71
11249,52
11250,13
11251,0
11252,-1
11253,1
11254,8
11255,20
11256,3
11257,49
11258,112
11259,140
11260,111
11261,0
11262,2
11263,34
11264,0
11265,92
11266,72
11267,36
11268,108
11269,0
11270,19
11271,183
11272,7
11273,12
11274,35
11275,49
11276,50
11277,88
11278,9
11279,0
11280,95
11281,30
11282,9
11283,79
11284,19
11285,27
11286,0
11287,120
11288,44
11289,28
11290,51
11291,1
11292,20
11293,0
11294,12
11295,40
11296,23
11297,50
11298,2
11299,14
11300,57
11301,37
11302,0
11303,0
11304,59
11305,62
11306,51
11307,27
11308,46
11309,48
11310,36
11311,22
11312,23
11313,58
11314,20
11315,2
11316,13
11317,25
11318,13
11319,16
11320,19
11329,29
11321,12
11322,0
11323,15
11324,15
11325,27
11326,30
11327,45
11328,30
11330,18
11331,10
11332,3
11333,9
11334,0
11335,20
11336,2
11337,2
11338,4
11339,0
11340,1
11341,0
11342,147
11343,47
11344,25
11345,1
11346,0
11347,0
11348,0
11349,25
11350,45
11351,22
11352,29
11353,57
11354,8
11355,44
11356,54
11357,20
11358,28
11359,119
11360,96
11361,0
11362,7
11363,1
11364,4
11365,44
11366,11
11367,0
11368,18
11369,15
11370,18
11371,0
11372,11
11373,10
11374,0
11375,0
11376,20
11377,5
11378,0
11379,0
11380,0
11381,0
11382,3
11383,10
11384,40
11385,0
11386,0
11387,11
11388,0
11389,0
11390,7
11391,0
11392,145
11393,128
11394,0
11395,60
11396,0
11397,0
11398,48
11399,20
11400,12
11401,0
11402,-1
11403,0
11404,23
11405,0
11406,0
11407,7
11408,1
11409,3
11410,30
11411,5
11412,13
11413,14
11414,11
11415,7
11416,15
11417,7
11418,8
11419,12
11420,15
11421,16
11422,19
11423,17
11424,15
11425,4
11426,50
11428,7
11429,4
11430,10
11431,50
11432,11
11433,31
11434,25
11435,18
11436,142
11437,155
11438,53
11439,8
11440,6
11441,0
11442,38
11443,35
11444,14
11445,24
11446,15
11447,9
11448,34
11449,0
11451,1
11452,22
11453,-4
11454,136
11455,32
11456,55
11457,42
11458,26
11459,101
11460,164
11461,0
11462,2
11463,0
11464,12
11465,28
11466,19
11467,3
11468,20
11469,22
11470,22
11471,22
11472,0
11473,11
11474,0
11475,0
11476,53
11477,0
11478,22
11479,14
11480,29
11481,24
11482,19
11483,25
11484,28
11485,0
11486,0
11487,0
11488,4
11489,1
11490,12
11491,0
11492,49
11493,21
11494,16
11495,114
11496,54
11497,21
11498,115
11499,53
11500,0
11501,0
11502,0
11503,49
11504,30
11505,0
11506,0
11507,0
11508,1
11509,0
11510,50
11511,0
11512,30
11513,30
11514,118
11515,54
11516,70
11517,89
11518,80
11519,52
11520,89
11521,42
11522,12
11523,13
11524,18
11525,0
11526,0
11527,14
11528,30
11529,5
11530,16
11531,40
11532,18
11533,55
11534,24
11535,15
11536,21
11537,0
11538,45
11539,148
11540,74
11541,25
11542,27
11543,49
11544,14
11545,169
11546,6
11547,24
11548,20
11549,0
11550,129
11551,1
11552,11
11553,42
11554,44
11555,33
11556,0
11557,0
11558,98
11559,3
11560,14
11561,12
11562,1
11563,0
11564,264
11565,5
11566,5
11567,0
11568,92
11569,0
11570,0
11571,73
11572,103
11573,3
11574,2
11575,16
11576,0
11577,98
11578,135
11579,305
11580,99
11581,15
11582,100
11583,200
11584,100
11585,101
11586,100
11587,100
11588,90
11589,80
11590,100
11591,0
11592,90
11593,180
11594,51
11595,49
11596,69
11597,0
11598,0
11599,15
11600,12
11601,35
11602,0
11604,55
11605,55
11606,55
11607,55
11608,28
11609,10
11610,54
11611,0
11612,0
11613,37
11614,1
11615,0
11616,26
11617,0
11618,0
11619,0
11620,65
11621,6
11622,26
11623,2
11624,3
11625,5
11626,15
11627,7
11628,0
11629,0
11630,17
11631,0
11632,93
11633,1
11634,0
11635,0
11636,0
11637,11
11638,10
11639,0
11640,0
11641,0
11642,0
11643,0
11644,0
11645,10
11646,0
11647,12
11648,0
11649,0
11650,0
11652,6
11653,9
11654,0
11655,49
11656,5
11657,1
11658,4
11659,45
11660,41
11661,41
11662,27
11663,8
11664,40
11665,22
11666,34
11667,7
11668,31
11669,10
11670,0
11671,24
11672,21
11673,2
11674,8
11675,194
11676,1
11677,0
11678,43
11679,53
11680,47
11681,35
11682,8
11683,47
11684,46
11685,0
11686,49
11687,35
11688,10
11689,46
11690,0
11691,49
11692,37
11693,0
11694,8
11695,4
11696,24
11697,18
11698,0
11699,22
11700,0
11701,0
11702,6
11703,3
11704,4
11705,3
11706,4
11707,3
11708,34
11709,6
11710,6
11711,18
11712,0
11713,5
11714,6
11715,10
11716,36
11717,0
11718,0
11719,-1
11720,0
11721,65
11722,45
11723,2
11724,6
11725,3
11726,4
11727,8
11728,2
11729,1
11730,4
11731,4
11732,5
11733,7
11734,-2
11735,0
11736,41
11737,5
11738,0
11739,29
11740,39
11741,37
11742,100
11743,0
11744,1
11745,0
11746,12
11747,13
11748,222
11749,2
11750,14
11751,35
11752,0
11753,0
11754,0
11755,0
11756,3
11757,12
11758,0
11759,0
11760,0
11761,62
11762,12
11763,7
11764,64
11765,60
11766,61
11767,114
11768,12
11769,20
11770,9
11771,0
11772,0
11773,32
11774,173
11775,53
11776,16
11777,91
11778,67
11779,76
11780,100
11781,152
11782,201
11783,0
11784,188
11785,62
11786,33
11787,0
11788,1
11789,0
11790,3
11791,0
11792,0
11793,0
11794,12
11795,18
11796,62
11797,23
11798,48
11799,46
11800,48
11801,33
11802,9
11803,32
11806,81
11807,5
11808,0
11809,0
11810,137
11811,85
11812,765
11813,-10
11814,0
11815,7
11816,0
11817,130
11818,0
11819,182
11820,0
11821,0
11822,0
11823,7
11824,5
11825,15
11826,6
11827,42
11828,5
11829,12
11830,12
11831,0
11832,12
11833,12
11834,12
11835,9
11836,9
11837,19
11838,9
11839,9
11840,132
11841,28
11843,0
11845,105
11846,10
11847,35
11848,39
11849,7
11850,10
11851,0
11852,0
11853,0
11854,0
11855,0
11856,0
11857,0
11858,5
11859,0
11860,0
11861,10
11862,81
11863,19
11864,115
11865,13
11866,62
11867,71
11868,151
11869,1
11870,51
11871,15
11872,0
11873,13
11874,0
11875,4
11876,22
11877,36
11878,0
11879,11
11880,20
11881,102
11882,96
11883,5
11884,1
11885,0
11886,0
11887,0
11888,18
11889,31
11890,18
11891,1
11892,34
11893,5
11894,0
11895,0
11896,2
11897,0
11898,0
11899,0
11900,98
11901,7
11903,29
11904,0
11905,79
11906,12
11907,23
11908,0
11909,8
11910,-2
11911,0
11912,108
11913,6
11914,102
11915,102
11916,15
11917,59
11918,17
11919,0
11920,36
11921,153
11922,40
11923,57
11924,54
11925,116
11926,118
11927,120
11928,58
11929,64
11930,1
11931,36
11932,5
11933,3
11934,0
11935,0
11936,0
11937,24
11938,0
11939,0
11940,0
11941,0
11942,0
11943,317
11944,0
11945,31
11946,181
11947,0
11948,61
11949,32
11950,12
11951,30
11952,0
11953,7
11954,252
11955,80
11956,14
11957,0
11958,99
11959,96
11960,45
11961,31
11962,39
11963,29
11964,88
11965,80
11966,91
11967,95
11968,85
11969,76
11970,35
11971,35
11972,99
11973,87
11974,45
11975,31
11976,101
11977,97
11978,97
11979,90
11980,77
11981,94
11982,35
11983,73
11984,95
11985,56
11986,65
11987,103
11988,0
11989,76
11990,78
11991,78
11992,45
11993,15
11994,71
11995,47
11996,87
11997,71
11998,72
11999,105
12000,104
12001,105
12002,25
12003,6
12004,7
12005,44
12006,31
12007,25
12008,0
12009,19
12010,20
12011,30
12012,0
12013,33
12014,50
12015,21
12016,30
12017,18
12018,0
12019,1
12020,37
12021,165
12022,19
12023,72
12024,8
12025,0
12026,32
12027,99
12028,88
12029,4
12030,6
12031,14
12032,3
12033,5
12034,3
12035,-12
12036,0
12037,0
12038,0
12039,81
12040,103
12041,177
12042,87
12043,30
12044,303
12045,71
12046,0
12047,112
12048,4
12049,147
12050,115
12051,169
12052,33
12053,0
12054,97
12055,2
12056,210
12057,27
12058,48
12059,55
12060,24
12061,36
12062,48
12063,33
12064,344
12065,10
12066,36
12067,28
12068,31
12069,0
12070,34
12071,28
12072,36
12073,34
12074,32
12075,34
12076,32
12077,32
12078,34
12079,4
12080,13
12081,22
12082,21
12083,20
12084,8
12085,4
12086,15
12087,12
12088,24
12089,0
12090,28
12091,22
12092,27
12093,16
12094,36
12095,16
12096,18
12097,30
12098,29
12099,30
12100,33
12101,33
12102,21
12103,24
12104,36
12105,36
12106,36
12107,36
12108,18
12109,36
12110,34
12111,30
12112,1
12113,30
12114,0
12115,30
12116,30
12117,18
12118,300
12119,84
12120,1842
12121,28
12122,56
12123,56
12124,336
12125,12
12126,12
12127,9
12128,10
12129,12
12130,12
12131,7
12132,9
12133,1
12134,7
12135,12
12136,3
12137,12
12138,9
12139,12
12140,10
12141,9
12142,10
12143,100
12144,112
12145,191
12146,54
12147,84
12148,55
12149,9
12150,0
12151,2
12152,0
12153,5
12154,-1
12155,5
12156,96
12157,0
12158,0
12159,0
12160,0
12161,117
12162,0
12163,0
12164,0
12165,2
12166,0
12167,4
12168,7
12169,4
12170,1
12171,8
12172,10
12173,10
12174,3
12175,12
12176,8
12177,15
12178,9
12179,10
12180,18
12181,64
12182,0
12183,15
12184,37
12185,14
12186,8
12187,4
12188,23
12189,73
12190,8
12191,2
12192,22
12193,3
12194,0
12195,2
12196,3
12197,2
12198,13
12199,48
12200,98
12201,152
12202,48
12203,11
12204,10
12205,0
12206,40
12207,20
12208,56
12209,62
12210,112
12211,21
12212,0
12213,27
12214,0
12215,0
12216,0
12217,0
12218,20
12219,9
12220,0
12221,14
12222,4
12223,15
12224,8
12225,0
12226,110
12227,129
12228,30
12229,33
12230,12
12231,0
12232,3
12233,11
12234,12
12235,36
12236,0
12237,0
12238,24
12239,42
12240,-3
12241,19
12242,4
12243,59
12244,18
12245,49
12246,17
12247,48
12248,26
12249,24
12250,10
12251,47
12252,19
12253,46
12254,36
12255,20
12256,32
12257,29
12258,38
12259,14
12260,6
12261,50
12262,40
12263,50
12264,90
12265,125
12266,60
12267,50
12268,50
12269,50
12270,264
12271,271
12272,10
12273,114
12274,0
12275,19
12276,0
12277,97
12278,6
12279,331
12280,0
12281,0
12282,20
12283,51
12284,120
12285,120
12286,50
12287,954
12288,0
12289,78
12290,0
12291,4
12292,11
12293,0
12294,11
12295,-12
12296,33
12297,36
12298,38
12299,48
12300,40
12301,44
12302,24
12303,4
12304,6
12305,2
12306,22
12307,6
12308,3
12309,8
12310,1
50012,0
12312,48
12313,220
12314,13
12315,0
12316,67
12317,28
12318,0
12319,36
12320,0
12321,0
12322,37
12323,24
12324,24
12325,0
12326,0
12327,0
12328,0
12329,0
12330,0
12331,5
12332,6
12333,24
12334,12
12335,24
12336,22
12337,24
12338,21
12339,22
12340,24
12341,24
12342,4
12343,4
12344,2
12345,2
12346,24
12347,24
12348,12
12349,12
12350,6
12351,18
12352,28
12353,27
12354,6
12355,6
12356,6
12357,6
12358,1
12359,3
12360,3
12361,3
12362,10
12363,10
12364,15
12365,15
12366,14
12367,60
12368,60
12369,28
12370,28
12371,260
12372,0
12373,24
12374,7
12375,35
12376,44
12377,12
12378,12
12379,12
12380,46
12381,30
12382,30
12383,24
12384,24
12385,30
12386,24
12387,30
12388,64
12389,61
12390,80
12391,6
12392,74
12393,19
12394,19
12395,17
12396,16
12397,20
12398,17
12399,0
12400,3
12401,9
12402,25
12403,16
12404,20
12405,12
12406,20
12407,20
12408,42
12409,20
12410,34
12411,12
12412,1
12413,4
12414,20
12415,4
12416,54
12417,76
12418,225
12419,16
12420,89
12421,46
12422,43
12423,55
12424,78
12425,90
12426,102
12427,6
12428,0
12429,8
12430,11
12431,27
12432,324
12433,228
12434,132
12435,120
12436,10
12437,33
12438,33
12439,39
12440,38
12441,158
12442,8
12443,-2
12444,36
12445,0
12446,114
12447,210
12448,181
12449,127
12450,8
12451,0
12452,1
12453,18
12454,12
12455,2
12456,1
12457,0
12458,2
12459,1
12460,0
12461,2
12462,5
12463,2
12464,5
12465,14
12466,40
12467,7
12468,7
12469,4
12470,16
12471,22
12472,10
12473,22
12474,17
12475,0
12476,1
12477,1
12478,16
12479,4
12480,0
12481,5
12482,5
12483,10
12484,8
12485,18
12486,0
12487,0
12488,21
12489,-3
12490,61
12491,40
12492,20
12493,21
12494,21
12495,22
12496,34
12497,7
12498,3
12499,50
12500,20
12501,36
12502,22
12503,13
12504,48
12505,30
12506,8
12507,0
12508,0
12509,10
12510,7
12511,9
12512,10
12513,10
12514,20
12515,20
12516,46
12517,21
50013,20
12519,23
12520,17
12521,18
12522,16
12523,4
12524,25
12525,2
12526,2
12527,24
12528,17
12529,21
12530,24
12531,24
12532,23
12533,3
12534,272
12535,10
12536,10
12537,0
12538,0
12539,0
12540,0
12541,5
12542,0
12543,0
12544,0
12545,2
12546,6
12547,3
12548,0
12549,4
12550,80
12551,16
12552,96
12553,64
12554,6
12555,6
12556,0
12557,0
12558,19
12559,0
12560,0
12561,0
12562,0
12563,4
12564,2
12565,2
12566,6
12567,9
12568,6
12569,0
12570,15
12571,10
12572,10
12573,8
12574,12
12575,0
12576,6
12577,100
12578,3
12579,18
12580,18
12581,8
12582,8
12583,8
12584,8
12585,4
12586,4
12587,4
12588,9
12589,102
12590,6
12591,5
12592,60
12593,12
12594,40
12595,12
12596,12
12597,24
12598,30
12599,7
12600,9
12601,10
12602,56
12603,56
12604,142
12605,144
12606,16
12607,6
12608,7
12609,4
50014,9
12610,24
12611,23
12612,15
12613,30
12614,9
12615,17
12616,18
12617,7
12618,5
12619,12
12620,18
12621,18
12622,3
12623,3
12624,12
12625,0
12626,12
12627,12
12628,9
12629,15
12630,6
12631,1
12632,17
12633,10
12634,4
12635,10
12636,9
12637,4
12638,12
12639,9
12640,0
12641,6
12642,12
12643,12
12644,12
12645,24
12646,6
12647,6
12648,12
12649,32
12650,47
12651,20
12652,180
12653,11
12654,0
12655,4
12656,0
12657,0
12658,4
12659,12
12660,2
12661,1
12662,3
12663,0
12664,12
12665,5
12666,4
12667,6
12668,4
12669,2
12670,2
12671,24
12672,12
12673,6
12674,6
12675,6
12676,64
12677,8
12678,10
12679,14
12680,6
12681,11
12682,6
12683,12
12684,6
12685,6
12686,6
12687,0
12688,0
12689,0
12690,6
12691,48
12692,12
12693,48
12694,13
12695,48
12696,4
12697,4
12698,16
12699,0
12700,64
12701,64
12702,64
12703,6
12704,6
12705,6
12706,6
12707,0
12708,0
12709,0
12710,0
12711,1
12712,0
12713,1
12714,4
12715,4
12716,2
12717,0
12718,0
12719,50
12720,32
12721,12
12722,60
12723,60
12724,24
12725,58
12726,48
12727,48
12728,60
12729,25
12730,0
12731,12
12732,12
12733,9
12734,9
12735,9
12736,9
12737,9
12738,6
12739,24
12740,12
12741,12
12742,12
12743,12
12744,6
12745,12
12746,12
12747,12
12748,100
12749,50
12750,20
12751,30
12752,100
12753,100
12754,100
12755,120
12756,0
12757,12
12758,6
12759,21
12760,80
12761,0
12762,0
12763,0
12764,48
12765,50
12766,50
12767,50
12768,50
12769,50
12770,25
12771,5
12772,20
12773,4
12774,20
12775,4
12776,4
12777,20
12778,150
12779,90
12780,60
12781,120
12782,13
12783,8
12784,27
12785,12
12786,4
12787,12
12788,12
12789,20
12790,6
12791,19
12792,12
12793,4
12794,48
12795,6
12796,6
12797,12
12798,12
12799,10
12800,30
12801,30
12802,6
12803,3
12804,6
12805,6
12806,72
12807,24
12808,30
12809,60
12810,72
12811,6
12812,3
12813,26
12814,0
12815,3
12816,3
12817,6
12818,3
12819,12
12820,12
12821,12
12822,6
12823,24
12824,24
12825,12
12826,6
12827,6
12828,3
12829,3
12830,6
12831,12
12832,12
